line_id,point_index,surface_x_mm,surface_y_mm,surface_z_mm,tcp_x_mm,tcp_y_mm,tcp_z_mm,normal_x,normal_y,normal_z,qx,qy,qz,qw,surface_angle_deg,cumulative_distance_mm,process_on
0,0,-40,58.0397634506,40,-41.0321243435,59.5559626079,39.2025920397,-0.5160621717355309,0.7580995786195059,-0.3987039801664072,0.49808913927941517,0.22924925135905638,0.1384529405388682,0.824731940292932,40.703053834855595,0,1
0,1,-38,59.4576025009,40,-39.0190595671,60.9693706235,39.1777623565,-0.5095297835307736,0.7558840612872975,-0.4111188217375897,0.4928338317335765,0.22705814988677686,0.13497439220180926,0.8290605070310291,40.89732283892811,2.45983099538,1
0,2,-36,60.7409505844,40,-36.9801941504,62.2707517467,39.1639809623,-0.49009707517919754,0.76490058116224,-0.41800951883714743,0.4934842873144343,0.21787266637922073,0.12921908374961652,0.8320499911744987,40.10185191353371,4.87866437993,1
0,3,-34,62.0391836166,40,-34.9314442406,63.5912950229,39.1494932044,-0.4657221202808643,0.7760557031078703,-0.4252533978169315,0.494754446544392,0.2063766913100572,0.12224218693329253,0.8352745336966952,39.09915546345986,7.3161673301,1
0,4,-32,63.2028036118,40,-32.88062172,64.785850312,39.1523747697,-0.44031086000663927,0.7915233501229583,-0.4238126151618689,0.5004997050048013,0.19389104597472367,0.11611876107591548,0.8357169023701321,37.67190032638132,9.68952858643,1
0,5,-30,64.2575864792,40,-30.8319093218,65.8614692927,39.142394729,-0.4159546608873956,0.8019414067534331,-0.42880263551006376,0.5022580366201947,0.18258024782378623,0.10941561428760024,0.8381106974052407,36.684104985991695,12.0034599345,1
0,6,-28,65.1844511032,40,-28.7714260045,66.8296643873,39.1644312299,-0.3857130022275358,0.8226066420456075,-0.41778438503020987,0.5128376818747615,0.16764641223186333,0.10288475295769182,0.8356476052283879,34.65341364224874,14.2801854009,1
0,7,-26,66.0847215652,40,-26.731358879,67.7535280779,39.1752582142,-0.3656794395086094,0.8344032563491923,-0.4123708929041103,0.5184865845556127,0.15807028558144762,0.09820058590529725,0.8345909725008482,33.44624779424926,16.5197199996,1
0,8,-24,66.8921689987,40,-24.6954845631,68.581723099,39.1865455362,-0.34774228155425113,0.8447770501398039,-0.40672723190921856,0.5237037006574174,0.1495687733556599,0.09398990746876673,0.8333843730528081,32.351943490517115,18.7176323334,1
0,9,-22,67.7234830856,40,-22.6321190535,69.4478350105,39.2081439894,-0.3160595267540169,0.8621759624118779,-0.39592800530800915,0.5327971602087448,0.13477085523024843,0.08641259147407516,0.8309614110707784,30.43821520354146,20.9555093547,1
0,10,-20,68.4407777786,40,-20.5850478613,70.191202429,39.2294595771,-0.29252393067321436,0.8752123251738907,-0.38527021147138274,0.5403921016001058,0.12385988370949498,0.08080611314861422,0.8283148422028334,28.92988579296029,23.1334785783,1
0,11,-18,69.1134653091,40,-18.5133173922,70.8858554559,39.2285478482,-0.2566586961133903,0.8861950733804006,-0.38572607589542196,0.5435257836089552,0.10824363539977866,0.07093845400085122,0.829355637643876,27.601051899344586,25.3185668593,1
0,12,-16,69.6353788376,40,-16.437829432,71.4258453268,39.2237686302,-0.21891471599934573,0.8952332446093964,-0.38811568489956494,0.5454045438375618,0.0920654175657653,0.060431453172915706,0.8309066625784104,26.461594936842836,27.4631559049,1
0,13,-14,70.1112699509,40,-14.3645228673,71.9185341114,39.2248101309,-0.18226143365723954,0.9036320802724532,-0.3875949345691793,0.5480550762198445,0.0764078932118325,0.050366468476242876,0.8314208838715932,25.36032716032722,29.5941987093,1
0,14,-12,70.4361162186,40,-12.3224319847,72.2491495972,39.2196490642,-0.1612159923532359,0.9065166893355986,-0.39017546791871366,0.5480412248844838,0.06755058747159587,0.044467340318796074,0.8325325156438811,24.971663384441378,31.6628863148,1
0,15,-10,70.7171564102,40,-10.2622123942,72.540262001,39.2205574651,-0.1311061971213264,0.9115527953767227,-0.38972126746851593,0.5496663897197497,0.05482906417401511,0.03618851870233371,0.8327971090538132,24.27917389153932,33.743571783,1
0,16,-8,71.0378274918,40,-8.20749987454,72.8669557985,39.2181858024,-0.10374993727192516,0.9145641533647253,-0.39090709880524654,0.5501518440308224,0.04335203694017586,0.028616324887737334,0.8334474520643415,23.8560933098652,35.824095275,1
0,17,-6,71.2530946732,40,-6.14961847188,73.0870357741,39.2162434363,-0.07480923594066577,0.9169705504765837,-0.3918782818384362,0.5505315879217407,0.031238274298504252,0.02062131560125808,0.8339747611661228,23.512860264771685,37.8937123497,1
0,18,-4,71.3728952408,40,-4.06572268521,73.2145461772,39.2228241145,-0.0328613426031025,0.9208254682118127,-0.3885879427553274,0.5527372913140691,0.01369362673371461,0.00908429787240729,0.8331935230844207,22.952940364698346,39.9815159463,1
0,19,-2,71.4182538986,40,-1.99361301261,73.263453073,39.2285084491,0.0031934936934738894,0.9225995872145218,-0.3857457754397627,0.5541889079763789,-0.0013291185302236996,-0.0008849016474593021,0.8323893948561308,22.690867638615,42.0542104948,1
0,20,0,71.3071680069,40,0.0907591748575,73.1504810179,39.2293120503,0.0453795874287466,0.9216565054770759,-0.3853439748543909,0.5540497454092133,-0.01889159031925227,-0.012577753131589584,0.832174132951365,22.830534127152713,44.1416421097,1
0,21,2,71.1655359268,40,2.15080283865,73.0098609344,39.2412353657,0.07540141932383321,0.9221625037999154,-0.3793823171280161,0.5561711834210759,-0.031344156839703104,-0.02099793613011717,0.8302109642990049,22.755698791839908,46.2065140355,1
0,22,4,71.0104551315,40,4.20738456409,72.8579843009,39.2626889321,0.10369228204355355,0.9237645846875275,-0.36865553396318335,0.5602009288695319,-0.04297850988717438,-0.02912275052698973,0.8267282699795225,22.517203877828614,48.2688077005,1
0,23,6,70.7260141373,40,6.25295199248,72.5723611303,39.2740398973,0.12647599624060696,0.9231734965346898,-0.36298005134009925,0.5619321841627295,-0.05236596921718033,-0.035678722397630036,0.8247527232074608,22.60547415649224,50.334250884,1
0,24,8,70.4449529648,40,8.30431598337,72.2854626248,39.278948009,0.15215799168734162,0.9202548300014693,-0.36052599549081293,0.5619290076701826,-0.0630300927605016,-0.043001344520281384,0.8236588384245352,23.036635187659012,52.4055859764,1
0,25,10,70.0968465805,40,10.3355655079,71.933273909,39.2824134498,0.16778275396228176,0.9182136642576495,-0.3587932750810317,0.5619337258135212,-0.0695258962748306,-0.04747791764943837,0.8228866780281408,23.33368667369282,54.4671444965,1
0,26,12,69.6652860641,40,12.4067911596,71.4815571438,39.2680981501,0.20339557979089937,0.9081355398031705,-0.3659509249447636,0.5566376458942683,-0.08472938510874096,-0.05720672462778841,0.824440933681572,24.75104473525167,56.5871040867,1
0,27,14,69.2602434158,40,14.473810853,71.0591994766,39.2656565062,0.23690542650876403,0.8994780303961905,-0.36717174690502874,0.5537216292154816,-0.09902769252304308,-0.06653689165296467,0.8241108635988704,25.91045874195465,58.6968344898,1
0,28,16,68.7358675003,40,16.5306578571,70.5206537194,39.2699723356,0.2653289285453121,0.8923931095623782,-0.36501383217980393,0.552395035078822,-0.11114319201086992,-0.07462046650339368,0.8227628467965225,26.824478351969436,60.8230211601,1
0,29,18,68.0284795761,40,18.5812432354,69.7998300779,39.2757944346,0.2906216177098949,0.8856752509034912,-0.36210278272435503,0.5514296028329343,-0.12195901671190534,-0.08189607837652342,0.8211847683126642,27.665267224450005,62.9966174917,1
0,30,20,67.2878847122,40,20.6442482818,69.0440124782,39.2922151309,0.3221241408984839,0.8780638829886039,-0.35389243456365227,0.5520387479419604,-0.13530337574815576,-0.09134701880905523,0.8176808298086267,28.590314477983362,65.1937792301,1
0,31,22,66.5444307327,40,22.6890939842,68.2919989372,39.3135927945,0.3445469921011534,0.8737841022124267,-0.34320360277082024,0.554521531441606,-0.14458239789907312,-0.09854640683570044,0.8135664736732843,29.09860046859298,67.3726264751,1
0,32,24,65.837931633,40,24.7311013531,67.5712992688,39.3210836203,0.3655506765543288,0.866683817900021,-0.3394581898568887,0.553767732157906,-0.15366263010974848,-0.1048431047796946,0.8116261567424982,29.924465039082495,69.5380959898,1
0,33,26,64.9125623703,40,26.7809941616,66.6224021171,39.3169947586,0.3904970807880873,0.8549198734066031,-0.3415026207079816,0.5495786228967994,-0.16496068289403604,-0.111740280344033,0.8113355779839977,31.249116128897832,71.7969636375,1
0,34,28,63.9353055954,40,28.8442717757,65.6137715118,39.3144656563,0.4221358878433981,0.8392329581775134,-0.3427671718576415,0.5444394919193734,-0.17944930679652613,-0.12054734991947107,0.810464016694272,32.94078968079912,74.0935821533,1
0,35,30,62.9412717819,40,30.8971191948,64.5902874825,39.3101272801,0.44855959738356443,0.8245078502803675,-0.3449363599580968,0.5391834208009281,-0.1918672946449211,-0.1277124883594698,0.810035616683662,34.461373422823655,76.3874262861,1
0,36,32,61.767329216,40,32.9323706857,63.3977767969,39.3127405219,0.4661853428569541,0.8152237904690223,-0.34362973904867977,0.5368048549138545,-0.20006418524207625,-0.13278095777653537,0.8088164728640768,35.39050420558787,78.7463110217,1
0,37,34,60.5445585251,40,34.9912738942,62.1385560638,39.3096755014,0.49563694708971406,0.7969987693350641,-0.34516224932338896,0.5305557837937853,-0.21431153870304698,-0.14073259558491935,0.8079452092819328,37.155545848803946,81.1597584877,1
0,38,36,59.3191404343,40,37.0309890155,60.8839562026,39.301134304,0.5154945077677721,0.7824078841668475,-0.34943284799059654,0.5243256268754288,-0.224424180975202,-0.14555873602134078,0.8084114536318544,38.51842922173503,83.5544466803,1
0,39,38,58.0306539536,40,39.059142169,59.5732628341,39.2939010639,0.5295710845171551,0.7713044402584154,-0.35304946803667164,0.5193781174074349,-0.23177928539878845,-0.14881391414851297,0.808937051305066,39.52882861578697,85.9692706159,1
0,40,40,56.4598913193,40,41.0824016202,57.9825695817,39.285956835,0.5412008101156357,0.7613391312350237,-0.35702158251354915,0.5146109367134024,-0.23804367783703073,-0.15128950881974892,0.8097050548056705,40.41760461603422,88.5429735787,1
1,0,40,60.2146368027,50,41.0999264419,61.8403432444,49.6162808477,0.5499632209434243,0.8128532208522442,-0.1918595761479391,0.5944765160367499,-0.22509527717577338,-0.178150720140434,0.7511272255666241,35.62435705163964,0,1
1,1,38,61.5273084641,50,39.0641686898,63.1763249179,49.6149159381,0.5320843448773057,0.8245082269230062,-0.19254203092511776,0.5972319706394379,-0.21689388599860243,-0.17207953080395386,0.7527679925055594,34.461335285464955,2.4349863491,1
1,2,36,62.7867918015,50,37.0353287608,64.4524950352,49.6081746637,0.5176643804136281,0.832851616856138,-0.19591266817409064,0.5980572342026433,-0.21064474959238685,-0.16684395090578252,0.7550625339223197,33.607207871844686,4.83182740979,1
1,3,34,63.998290062,50,34.9900051559,65.6846354576,49.5803227458,0.4950025779496144,0.8431726978450679,-0.20983862712071302,0.5953048271680059,-0.20172468661548115,-0.1576749764728374,0.7616153329303755,32.523319081715705,7.21977514768,1
1,4,32,65.1163358688,50,32.9595276381,66.8148440197,49.5591181868,0.4797638190733888,0.8492540754130349,-0.22044090659963242,0.5928137905229055,-0.1958350235939638,-0.15149193594770502,0.7663358575994161,31.86936902728586,9.54370715553,1
1,5,30,66.2141447067,50,30.9084754099,67.9348153417,49.5374364958,0.4542377049567603,0.8603353175014672,-0.23128175210176993,0.5916055443467012,-0.18536991084682072,-0.14211873322745122,0.7716496236743134,30.64574680981858,11.8807183025,1
1,6,28,67.2325773239,50,28.8528557396,68.9780548088,49.5246628175,0.4264278697904397,0.8727387424655025,-0.23766859124781559,0.5924729625100967,-0.17361305558799953,-0.13265640421096936,0.7753944635124266,29.221524185029203,14.185948005,1
1,7,26,68.2429857254,50,26.8006032127,70.0107240216,49.5161241772,0.40030160633443873,0.8838691481161631,-0.24193791140388946,0.5938079863258522,-0.16255189840076245,-0.12403691495830393,0.7781926493032243,27.887322060818036,16.4833855005,1
1,8,24,69.0396928787,50,24.7578393183,70.8294268982,49.528267335,0.37891965914787823,0.8948670097348679,-0.2358663324839552,0.5988929312635213,-0.15295126884275773,-0.1178606108126804,0.777201417047627,26.508647271800374,18.6841367778,1
1,9,22,69.7693719864,50,22.687378128,71.5912484033,49.5436255588,0.3436890639964183,0.9109382084676632,-0.22818722059526103,0.605786061128076,-0.1375850204248284,-0.10737136586066823,0.7762506039230148,24.364671338308604,20.8903592102,1
1,10,20,70.585934639,50,20.6361479527,72.4254569475,49.5401375655,0.3180739763417156,0.9197611542740692,-0.22993121724246482,0.607373044432353,-0.12701329172863193,-0.09916993035795042,0.7779016220152981,23.108810736217595,23.1047352608,1
1,11,18,71.2280797958,50,18.6032697818,73.0764343542,49.5313306101,0.30163489088118334,0.9241772791793714,-0.23433469493805423,0.6068991765273942,-0.12044103146911217,-0.09371340407965106,0.7799904777398445,22.455379093766286,25.239317844,1
1,12,16,71.781744957,50,16.5346065237,73.6516185663,49.5333432203,0.2673032618655234,0.9349368046490313,-0.23332838984725063,0.6099477077013613,-0.10629957171235178,-0.08303115581778622,0.7808777254392572,20.782062292335592,27.386457477,1
1,13,14,72.4258012772,50,14.4650014744,74.3165369822,49.5429528223,0.23250073718993333,0.9453678525032614,-0.22852358884699295,0.6142292290141037,-0.09198184495455225,-0.07239634097423275,0.7803976962017759,19.026507506266697,29.5602729946,1
1,14,12,72.8769483566,50,12.4220307369,74.7773784387,49.5414636761,0.211015368441795,0.9502150410286623,-0.22926816195074096,0.6151554695640984,-0.08336466451682767,-0.06564267550294459,0.781233076698744,18.155372312269254,31.6545763393,1
1,15,10,73.26882267,50,10.3639500305,75.1815805972,49.5429469535,0.18197501525003018,0.9563789635939597,-0.2285265232302258,0.6169217220600632,-0.07172396555777673,-0.05660473010401546,0.7817027351525414,16.98545156598857,33.7519741983,1
1,16,8,73.6197080612,50,8.30202751167,75.5438115841,49.5454617556,0.15101375583552273,0.9620517614178447,-0.22726912219056836,0.6187400059595399,-0.059382185290744155,-0.046988566488729275,0.7819377441424722,15.834942477960727,35.8454741591,1
1,17,6,73.9308271408,50,6.25081525733,75.8600702576,49.5361975603,0.12540762866409708,0.964621558385055,-0.2319012198580155,0.6177494438294807,-0.04934586831092869,-0.03888875394873911,0.7838611323093665,15.286066855829603,37.920944488,1
1,18,4,74.1710176468,50,4.19953000718,76.1000939985,49.5112749181,0.09976500358866956,0.9645381758344977,-0.24436254094441778,0.6134045798816038,-0.03941511014908249,-0.030674672611721,0.7881880073512744,15.304177668752693,39.9863751239,1
1,19,2,74.3267431259,50,2.13354602226,76.2537749332,49.4816238108,0.06677301112888666,0.96351590365726,-0.25918809460373615,0.6080321230917185,-0.026512072471030157,-0.020322746094529016,0.7932093250164457,15.524540418958363,42.0582792829,1
1,20,0,74.4500150681,50,0.0665098405985,76.3751687591,49.4620783451,0.033254920299256994,0.9625768455448073,-0.26896082743942157,0.6044370114676398,-0.013247092071750394,-0.010053032476315536,0.7964793470377879,15.724310273445296,44.1289692796,1
1,21,-2,74.4833402634,50,-1.99336419335,76.407384776,49.4540982876,0.0033179033234602144,0.9620222562987816,-0.27295085620554044,0.6029285365888682,-0.0013235044523644014,-0.0010002320504454276,0.7977934743018492,15.841136691921784,46.1891106798,1
1,22,-4,74.4376363754,50,-4.05088850497,76.3584905125,49.4452660602,-0.02544425248613199,0.9604270685578252,-0.27736696990962084,0.6010100818802538,0.010168408109440396,0.007647364080398346,0.7991401646628908,16.172584879294643,48.2472348136,1
1,23,-6,74.3575716019,50,-6.1358666345,76.273272319,49.441760786,-0.06793331724845825,0.9578503585594444,-0.2791196070059645,0.5997508550421562,0.027186547651739983,0.02039509027057415,0.7994647232966803,16.694443456264942,50.3339566992,1
1,24,-8,74.2263097763,50,-8.19185686086,76.1392667464,49.448831627,-0.09592843043245336,0.9564784850663712,-0.27558418648374083,0.6006128209519994,0.03836855569618149,0.02887450383438601,0.79809670859501,16.96592133669917,52.3943215459,1
1,25,-10,73.9740114212,50,-10.2318149751,75.8848753382,49.4569890352,-0.1159074875531977,0.9554319585175117,-0.271505482398601,0.6017488445923561,0.046320479622560466,0.034991519542819434,0.7965728684554759,17.17021446850859,54.4500964946,1
1,26,-12,73.623497963,50,-12.2917196606,75.5237979853,49.4488562213,-0.14585983028572452,0.9501500111587526,-0.2755718893574629,0.5989955049268785,0.058467430238231706,0.043919545265916016,0.7974064322679912,18.167326141820865,56.5414238986,1
1,27,-14,73.3638906479,50,-14.352649352,75.2542448345,49.4502732645,-0.17632467598274582,0.94517709330215,-0.27486336776019926,0.5979611684416634,0.07078670182867051,0.05313390398973809,0.7966231682087266,19.06000521919127,58.6199070238,1
1,28,-16,73.0244569778,50,-16.392103075,74.9072962714,49.4512091717,-0.1960515374977265,0.941419646782548,-0.27439541413186924,0.5971541574074812,0.07879851029700079,0.059110052206722725,0.7960550915571442,19.708649269263436,60.6886616419,1
1,29,-18,72.5229177475,50,-18.4574744433,74.3926427875,49.4570033069,-0.22873722164606441,0.9348625199794746,-0.2714983465350496,0.5964682673283577,0.09206754478523883,0.0691336760911033,0.79433601712226,20.794054551361064,62.8171965064,1
1,30,-20,72.0820856094,50,-20.5250073257,73.9353893845,49.4618249122,-0.2625036628664209,0.9266518875447974,-0.26908754391717293,0.5951840714004193,0.1058874364248853,0.07951322420119478,0.7926042008062517,22.081221470311004,64.9346941197,1
1,31,-22,71.3622674942,50,-22.5862696487,73.1999574507,49.4716217993,-0.29313482433216553,0.918844978236785,-0.26418910032927645,0.5948853119294321,0.11839305505807354,0.08914890679297106,0.7900297605674462,23.24219450038481,67.1232458034,1
1,32,-24,70.7489519119,50,-24.6545246254,72.5670700658,49.4842055707,-0.3272623127124538,0.9090590769306216,-0.2578972146575885,0.5945817888166639,0.132377826990708,0.10004671530822723,0.7867269298078138,24.624354923670907,69.2862029094,1
1,33,-26,70.0121030807,50,-26.720148589,71.8080644668,49.4941257967,-0.3600742944813185,0.8979806930335877,-0.25293710165315403,0.593477775207297,0.1459985599532401,0.11055588937980942,0.78373844243473,26.10610514016949,71.486882411,1
1,34,-28,69.1327390671,50,-28.7793186097,70.9022821536,49.4887468637,-0.38965930484578637,0.8847715432840806,-0.2556265681454201,0.5890175935330365,0.15888672202497145,0.11947999751019198,0.7832865467168926,27.776579559406112,73.7364716415,1
1,35,-30,68.1932420731,50,-30.8574150994,69.9231671468,49.4782734561,-0.42870754968158137,0.8649625368662397,-0.260863271971992,0.5817724378458884,0.17637798779001873,0.13103108107395214,0.7831107787398839,30.121572271641963,76.0337006047,1
1,36,-32,67.1679620743,50,-32.9107579368,68.871140931,49.480671816,-0.4553789683789034,0.8515894283515149,-0.2596640920075508,0.5785701686529418,0.18821401101174964,0.13937946731579526,0.7812844617004363,31.615032507355153,78.3408594026,1
1,37,-34,65.9950971603,50,-34.9654311756,67.6668780135,49.4774185001,-0.4827155878156916,0.8358904265944934,-0.2612907499461612,0.5736142918024048,0.20080156689365025,0.14761484660894134,0.7802917608393025,33.29133035099602,80.7224433035,1
1,38,-36,64.8167829514,50,-37.0101103819,66.4629087594,49.480435913,-0.5050551909692156,0.8230629040012348,-0.25978204351360235,0.5705947115039197,0.2110228742268416,0.15467974035146106,0.7784376658934264,34.60741192119058,83.0952610644,1
1,39,-38,63.5692892075,50,-39.0440779163,65.1973687177,49.4908257536,-0.5220389581454116,0.8140397550995303,-0.2545871231935152,0.5700539945795913,0.21850602203850997,0.1606060325411287,0.775563836127082,35.50747459247591,85.4908243545,1
1,40,-40,62.2070646286,50,-41.0604723974,63.8289797137,49.505237682,-0.5302361986818093,0.8109575425272727,-0.2473811589947617,0.571990849207968,0.221666165494346,0.16413142749533505,0.7724968957903484,35.810408318864454,87.9277369243,1
2,0,-40,65.098780632,60,-40.9970101686,66.7988562771,59.659833093,-0.4985050842904121,0.8500378225611039,-0.17008345349323772,0.6124955126913862,0.19951822018627033,0.16355149720130155,0.7471898249506825,31.78421658916172,0,1
2,1,-38,66.3086557388,60,-38.9863212958,68.0156285322,59.6632297758,-0.49316064792365816,0.853486396707736,-0.1683851120923787,0.6140018944122032,0.19700029850748027,0.1619313207463128,0.7469744329008484,31.40708145680652,2.35019488579,1
2,2,-36,67.5572824478,60,-36.9827866186,69.2666803221,59.6652024943,-0.4913933092775137,0.8546989371370605,-0.16739875284503447,0.6146815936622025,0.1961304718557973,0.16144332846679904,0.7467499100208037,31.273509442118392,4.71224604434,1
2,3,-34,68.6153287888,60,-34.9396782636,70.3487570658,59.6649907922,-0.4698391318013536,0.866714138510863,-0.16750460391739388,0.6175545988764868,0.18674585791338072,0.15411021108093131,0.7483330440380725,29.920982414226025,7.02421098225,1
2,4,-32,69.7263784409,60,-32.870041671,71.4969506957,59.6712122552,-0.43502083549448606,0.8852861274230346,-0.16439387238582215,0.6231877598199173,0.17158111731108994,0.1426524688179211,0.7495646798863078,27.713247176961897,9.39101958116,1
2,5,-30,70.6908311844,60,-30.8216736255,72.4848303177,59.6737798859,-0.410836812742328,0.8969995666568,-0.1631100570573082,0.6264369457800546,0.1613125055074868,0.13462476350906857,0.7506205443356726,26.233565805632274,11.6651621427,1
2,6,-28,71.5011568069,60,-28.765654034,73.3206073404,59.6784822609,-0.38282701699940014,0.9097252667264467,-0.1607588695370692,0.6302868045563069,0.1495296266084589,0.12542275869442504,0.7514310123823842,24.53258700295315,13.8845678975,1
2,7,-26,72.3259878159,60,-26.6922732164,74.178658783,59.7027323072,-0.34613660821055026,0.9263354835883849,-0.148633846419882,0.6385771519924713,0.1337994683967137,0.11404227640716467,0.749207102476887,22.129396130984613,16.1286152138,1
2,8,-24,73.0212984085,60,-24.6565397205,74.8879525338,59.709211465,-0.32826986023645194,0.9333270626309592,-0.1453942674970575,0.6413395326459843,0.12643761353688096,0.10826605623903252,0.748983040405439,21.040470521229324,18.2843866467,1
2,9,-22,73.682431221,60,-22.5922931965,75.5727678852,59.7246528273,-0.2961465982250231,0.945168332089097,-0.13767358633979498,0.6467862081459913,0.11327315561170213,0.09796909200859207,0.7478227398126575,19.061542344986087,20.4593174992,1
2,10,-20,74.3060464859,60,-20.5205774572,76.2191462144,59.7372291117,-0.26028872857708046,0.956549864271901,-0.13138544416005382,0.6515499819702553,0.09894391802699648,0.08628260319645596,0.747159979164884,16.95190033569514,22.6295638474,1
2,11,-18,74.851685524,60,-18.4539604617,76.7822487503,59.7414549778,-0.22698023086174088,0.9652816131424647,-0.1292725111036052,0.6541960376932937,0.0859726044422992,0.07522651368840864,0.7476477962183066,15.141955819183394,24.7715274627,1
2,12,-16,75.2343435287,60,-16.3852753609,77.1778354116,59.727232338,-0.19263768046167454,0.9717459414391314,-0.13638383101717796,0.6530503538552133,0.07302958182128548,0.06349569128157863,0.751105992984521,13.652303599589471,26.8777442456,1
2,13,-14,75.5879411697,60,-14.3045819489,77.546955853,59.7363879611,-0.1522909744425964,0.97950734164925,-0.13180601943213402,0.6563474867391864,0.057488841831145505,0.05027108764724795,0.7505836578708796,11.619334015179744,28.9909453247,1
2,14,-12,75.883263588,60,-12.2432389156,77.8516007924,59.742156095,-0.12161945778127584,0.9841686022486009,-0.12892195250237132,0.6583632596012676,0.04579128908436926,0.04018403836837534,0.7502307773689337,10.208734002977515,31.0746864102,1
2,15,-10,76.0966367722,60,-10.1991933087,78.0699412373,59.7423344931,-0.09959665432863972,0.9866522325962787,-0.12883275344150732,0.6589231013909984,0.03746958409849665,0.03289504703760076,0.7505559889849309,9.371868874615323,33.1303602717,1
2,16,-8,76.246430397,60,-8.15205089663,78.2241691028,59.7442068478,-0.07602544831289833,0.9888693528600648,-0.1278965761189069,0.6597237116188907,0.028571598981180883,0.025114237307207323,0.7505448441924911,8.556605194324328,35.1833049362,1
2,17,-6,76.3631639481,60,-6.07753181808,78.3454704153,59.7461301765,-0.038765909041260385,0.9911532336008683,-0.12693491174120358,0.6605457989228034,0.014553063417494525,0.01280814299410535,0.7505354137838164,7.626944846587236,37.2613682448,1
2,18,-4,76.4852342606,60,-4.02586677739,78.4681291265,59.7402715641,-0.012933388696696042,0.9914474329734542,-0.12986421796310263,0.6595788545698309,0.004860619589983412,0.004265473232735362,0.751607553660587,7.498871086100151,39.3167049379,1
2,19,-2,76.448264122,60,-1.96461364454,78.4311764726,59.7415306292,0.01769317772935573,0.9914561753041504,-0.1292346854103156,0.6598018375889818,-0.006647737137187877,-0.005837452476559544,0.7513875610187739,7.495032000950712,41.3782896588,1
2,20,0,76.3486509323,60,0.100662241794,78.3328485654,59.7701590424,0.05033112089716493,0.9920988165630737,-0.11492047878156242,0.6649710128530466,-0.018796613376141223,-0.016744979631605126,0.7464448037517029,7.2072580360678025,43.4461031055,1
2,21,2,76.2453660965,60,2.18014082355,78.2299968059,59.8303231576,0.0900704117748607,0.9923153547169551,-0.08483842122335009,0.675631614851128,-0.03320708361151344,-0.03048917202356723,0.7358597835192466,7.107683034381795,45.5289927754,1
2,22,4,76.0736341476,60,4.22626880169,78.0560695407,59.8630608106,0.11313440084258973,0.9912176965469572,-0.06846959469817471,0.6812118003507295,-0.04142083671089339,-0.03865834364718797,0.7298906286667498,7.599065798063978,47.5827605691,1
2,23,6,75.8797998428,60,6.30867213052,77.8525496784,59.8860719432,0.15433606526132224,0.9863749177819565,-0.05696402838889928,0.684360934923222,-0.056285846858370486,-0.05312907233199242,0.7250236657293274,9.468943836656328,49.6752121147,1
2,24,8,75.4945001602,60,8.36758656889,77.4581048819,59.904414377,0.18379328444566392,0.9818023608446799,-0.047792811514790715,0.686758878755979,-0.06682691592790352,-0.06365300205223112,0.72100256663006,10.947273228774453,51.77165,1
2,25,10,75.0646085739,60,10.4120903071,77.0193129251,59.9034988171,0.20604515352749225,0.9773521755919509,-0.04825059143173909,0.6857447158550817,-0.0750259219267837,-0.07141336430178429,0.7204341934659751,12.217263805406892,53.862710677,1
2,26,12,74.5512914658,60,12.4605434766,76.4914158147,59.8456717241,0.23027173829934022,0.9700621744802587,-0.0771641379348741,0.6739189759042626,-0.08515365493455199,-0.07864903973412181,0.7296549852610738,14.055206773682087,55.9788816813,1
2,27,14,74.1013784409,60,14.5461131682,76.0156139367,59.8064467154,0.27305658407827194,0.9571177479258982,-0.0967766423098179,0.664195321327448,-0.10225582610208146,-0.0924378658949114,0.7347404726185316,16.839947405219768,58.118397273,1
2,28,16,73.5873918533,60,16.5887602625,75.4871321891,59.7894103276,0.29438013124563067,0.9498701678622821,-0.10529483621282326,0.6595863518928788,-0.11089827000558522,-0.09928428055137561,0.7367428654162911,18.218680623467623,60.2283712889,1
2,29,18,72.8466520309,60,18.6606099073,74.7216704687,59.7811383803,0.33030495362956636,0.9375092188681626,-0.10943080985251674,0.6554589137588741,-0.12513275929099635,-0.11137619827277533,0.7364175088796857,20.36261686538788,62.4371177708,1
2,30,20,72.0315160751,60,20.7478685989,73.8731936249,59.7788295645,0.37393429945518375,0.920838774870999,-0.11058521775101143,0.6514665902071843,-0.14247341144339498,-0.12638721958062102,0.7343833328733609,22.950985249020633,64.6902416313,1
2,31,22,71.2450361252,60,22.8036446936,73.0651293979,59.7964915603,0.40182234679671075,0.9100466363667354,-0.10175421982588702,0.6524652821544036,-0.15300962607048954,-0.13685478746991867,0.7294846654039459,24.48820287627387,66.8991995513,1
2,32,24,70.276143074,60,24.8228556863,72.0896193502,59.8150342858,0.41142784315621617,0.9067381380637614,-0.0924828570951792,0.6552653643211566,-0.1561597700224753,-0.14104240060664675,0.7254987731062704,24.941592009468398,69.1417821516,1
2,33,26,69.3910112381,60,26.8704366777,71.1844902939,59.8394607017,0.43521833886854433,0.8967395279212573,-0.08026964915872953,0.6578181703786866,-0.16474352837144327,-0.150655567039975,0.7193314428684654,26.26725173759525,71.3806307786,1
2,34,28,68.4106702805,60,28.9007429755,70.1900559675,59.850171201,0.45037148772940827,0.8896928435058461,-0.07491439951625761,0.658411202256804,-0.17040389955814103,-0.1566584786099316,0.7161810670757434,27.1653249145103,73.6414178113,1
2,35,30,67.4486036301,60,30.9233337414,69.2154413083,59.8395649013,0.46166687069340134,0.8834188391003873,-0.08021754936849072,0.6550580799227138,-0.17547118636323802,-0.1602597027444504,0.7172346912695354,27.94243323376225,75.8866036909,1
2,36,32,66.3020162582,60,32.9640072242,68.0465252827,59.8345360002,0.48200361210890513,0.8722545122299792,-0.08273199990577541,0.6517308777762046,-0.184067550100962,-0.16743512917116876,0.7164715468686261,29.27830522796578,78.2383558522,1
2,37,34,65.2135648727,60,34.9815619084,66.947628293,59.8280689832,0.4907809541857762,0.8670317101300845,-0.08596550841704018,0.6493558459043245,-0.1880272086198147,-0.17030640621539772,0.716922926269286,29.884484015180725,80.5357768671,1
2,38,36,63.9938993454,60,37.0022918488,65.7138855593,59.8074942245,0.5011459244190895,0.85999310697092,-0.09625288775221263,0.6437937442469752,-0.1933989942899234,-0.17296078404350945,0.7198687457163013,30.684191049005655,82.9034537762,1
2,39,38,62.845328331,60,39.0161753838,64.5542287366,59.7830968118,0.5080876918860225,0.854450202816431,-0.10845159409107011,0.6377574707440401,-0.1975844413526275,-0.17409111415329884,0.7238218572400243,31.30095146079394,85.2274860635,1
2,40,40,61.7137136459,60,41.0311988454,63.4121441991,59.7720469402,0.5155994226973075,0.8492152765650762,-0.11397652987656846,0.6343957795397975,-0.2013795668974596,-0.1761572896857949,0.725228842661983,31.873579149633095,87.5436895825,1
3,0,40,62.9363126755,70,41.0423782379,64.6431871611,69.994794273,0.5211891189602036,0.8534372427888074,-0.0026028635241259214,0.6796669227108859,-0.19170665718918503,-0.19112287044639337,0.6817429722075571,31.412485434697697,0,1
3,1,38,64.1463041306,70,39.0430663415,65.8527659858,70.0007375074,0.5215331707461542,0.8532309276111485,0.00036875368715793975,0.6808142085097649,-0.19151080996852715,-0.19159359597117206,0.6805200343408387,31.435158611885164,2.33674224391,1
3,2,36,65.169836998,70,36.9962287055,66.9040530343,70.0048068346,0.4981143527689184,0.8671080181562336,0.0024034173108736182,0.6841576057385783,-0.18201670023789787,-0.18252190645020788,0.6822639115550116,29.87570792964026,4.6377779511,1
3,3,34,66.4177160263,70,34.9510227925,68.1771270901,69.9946748846,0.47551139622660643,0.8797055318941046,-0.002662557705252634,0.684474318512379,-0.17367679305073508,-0.1731519302748498,0.6865491154278184,28.393137705535267,7.04686230721,1
3,4,32,67.5531988144,70,32.9226044343,69.3275915546,69.9817939217,0.46130221717101794,0.8871963700958733,-0.009103039152341034,0.6833520532309149,-0.1687555977410004,-0.167032971191098,0.6903995264419321,27.476968878327032,9.37886047161,1
3,5,30,68.4801855087,70,30.9054434112,70.2631739622,69.9664678647,0.4527217055779902,0.8914942267195589,-0.01676606764423975,0.6811905797612712,-0.1661215224538451,-0.16302669956443055,0.6941219842731167,26.93838456645516,11.6024809255,1
3,6,28,69.4673147202,70,28.8348247238,71.2840401817,69.9492429522,0.4174123618855888,0.9083627307793171,-0.02537852391760145,0.6810673245903038,-0.15316016915831945,-0.14894082945981782,0.7003612576939291,24.719935368523167,13.9111442367,1
3,7,26,70.337635994,70,26.8021292016,72.1681146465,69.9229503634,0.40106460078661355,0.9152393262800923,-0.038524818315430844,0.6773975157898059,-0.14788575470302845,-0.14179180944057382,0.7065107868484978,23.760262559683465,16.1279279531,1
3,8,24,71.2817850113,70,24.7626718167,73.1289665767,69.9209306366,0.38133590837297876,0.9235907827217612,-0.03953468169543673,0.6786264833838901,-0.14035225399791879,-0.1344729433733693,0.7082968080884037,22.543192631972953,18.3823961688,1
3,9,22,72.0155801773,70,22.7121272583,73.8829702797,69.9243100162,0.3560636291433056,0.9336950511744224,-0.03784499192351584,0.6811970121693686,-0.13056850558142702,-0.12538344840626106,0.7093669620355267,20.981666193082532,20.5671767048,1
3,10,20,72.7311792374,70,20.6339313918,74.6271685788,69.9420741205,0.31696569590540097,0.9479946707346891,-0.028962939730512657,0.6871929342475389,-0.11525797696906433,-0.11179041783285287,0.7085085548855514,18.559313062512672,22.7746740958,1
3,11,18,73.4143342972,70,18.5956279455,75.3231623484,69.9599647472,0.2978139727737744,0.9544140255956978,-0.020017626405654364,0.6916713770633199,-0.10761920343741348,-0.10538569494289766,0.7063304244503628,17.366688991705924,24.9286026789,1
3,12,16,73.9137372971,70,16.5489462533,75.8367538648,69.9742067603,0.2744731266509237,0.9615082838660658,-0.012896619843937755,0.6955728666851666,-0.0986411537311408,-0.09732696191845355,0.7049650859480154,15.94866240852971,27.0387886967,1
3,13,14,74.4662942886,70,14.4955778593,76.4037186995,69.9719066314,0.24778892966330945,0.9687122054542961,-0.014046684312852815,0.6964676073146095,-0.08893553735732697,-0.08765528859218044,0.7066398605642396,14.370239312909439,29.1689943619,1
3,14,12,75.0234537125,70,12.4295718838,76.9766377153,69.9767567685,0.21478594190962866,0.9765920014036189,-0.011621615742547844,0.6987739620843443,-0.07683841514290513,-0.07592946506564735,0.7071389709287126,12.421401349099733,31.3129720701,1
3,15,10,75.4666814804,70,10.3795583478,77.4302340086,69.9800769056,0.18977917388563642,0.981776264093126,-0.009961547200603988,0.7003069544030623,-0.06774508110855827,-0.06706119589981807,0.7074486338984536,10.955143998361935,33.4125711077,1
3,16,8,75.7257356644,70,8.34677530329,77.6953926595,69.985921278,0.17338765164533512,0.9848284975839005,-0.007039361018812026,0.7019021785252492,-0.06175476720143263,-0.06131493377227491,0.7069371679335494,9.993152941000664,35.4625833449,1
3,17,6,75.9040231705,70,6.28926040599,77.8829037319,70.01897738,0.14463020299686682,0.9894402807362535,0.009488689985937966,0.7086190768024138,-0.05102302406427674,-0.05151467885384559,0.7018560342902356,8.333870111668588,37.5288893873,1
3,18,4,76.2579088211,70,4.23143527838,78.2432586134,70.0694544032,0.11571763919102829,0.9926748961505956,0.03472720162148458,0.7181523902440767,-0.04025847982054763,-0.04169148818721838,0.6934682537809447,6.9392092608567095,39.6186376559,1
3,19,2,76.5797967911,70,2.22466321407,78.5644187553,70.1039331493,0.11233160703496364,0.9923109820930425,0.05196657462719709,0.7242124908917091,-0.038724092630102416,-0.04080510881577491,0.6872784412310154,7.109707508720656,41.6512386346,1
3,20,0,76.6923761368,70,0.212724787437,78.6772583627,70.1224365723,0.10636239371839107,0.99244111293624,0.061218286127359155,0.727515163051277,-0.03648055090254855,-0.03880017542909678,0.6840214933194656,7.0492108938844185,43.6664238336,1
3,21,-2,76.8517103195,70,-1.85242263172,78.8427324872,70.1185396476,0.07378868413961388,0.9955110838548203,0.059269823815708576,0.7273196621934009,-0.025318390445116155,-0.02687060640140963,0.6853050843265109,5.4308895407525375,45.7381937858,1
3,22,-4,77.091345787,70,-3.91190604606,79.0876841527,70.0829010549,0.044046976967832496,0.9981691828504883,0.041450527470513095,0.7214517974744004,-0.015250169055233954,-0.015896599488764797,0.6921141772781693,3.4675792694892684,47.8124992989,1
3,23,-6,77.2179059982,70,-5.97814360327,79.2173559393,70.0414997722,0.010928198362539214,0.9997249705328405,0.0207498861119795,0.7143950757153346,-0.003823460431497398,-0.0039036421004205245,0.6997212434408163,1.3438079253921535,49.8832157163,1
3,24,-8,77.1661405563,70,-8.08134885717,79.1644812849,69.9959139098,-0.04067442858716782,0.9991703642651498,-0.0020430451181974326,0.7062373309766364,0.014398256001968963,0.014368845389558267,0.7076828801386039,2.3340566111446908,51.9875793113,1
3,25,-10,76.9945611954,70,-10.1813297227,78.9859092476,69.9593494588,-0.09066486134247852,0.9956740261211557,-0.020325270611659577,0.6991328311604699,0.03241371758555509,0.03175879051876766,0.7135502887187523,5.331338565130116,54.0954561026,1
3,26,-12,76.7267866135,70,-12.2653131663,78.7083460961,69.9449460212,-0.13265658313768572,0.9907797413176197,-0.02752698938904891,0.6956764030378805,0.047653410809219525,0.04634783697878023,0.7152729358097598,7.786520671671583,56.1978917746,1
3,27,-14,76.4076776505,70,-14.338319116,78.3781835175,69.9485529021,-0.16915955798839982,0.9852529334999961,-0.025723548954634346,0.6952994768634165,0.06080183382219684,0.05923510414149919,0.7136896923135874,9.852027435144178,58.2970282651,1
3,28,-16,76.0885210037,70,-16.3947139645,78.0484526491,69.9464385246,-0.19735698227147136,0.979965822688412,-0.026780737691892983,0.6939439664940142,0.07107321943325719,0.06915744863095391,0.7131673128690093,11.488177200770796,60.3796916294,1
3,29,-18,75.6425638199,70,-18.4442601956,77.5921513021,69.9582683852,-0.2221300977959055,0.9747937411244073,-0.020865807385852687,0.6951170358316864,0.0798711637804503,0.07817978901851397,0.7101554930308903,12.891644368051859,62.4794512867,1
3,30,-20,75.1116571426,70,-20.4933088848,77.0495983588,69.967903477,-0.24665444241356177,0.9689706080894346,-0.01604826147738406,0.6957900778838436,0.08861171920069472,0.08715626885150286,0.7074092984535731,14.31046340152546,64.5991345324,1
3,31,-22,74.5554933548,70,-22.5663939331,76.4734794521,69.9770382242,-0.2831969665587523,0.9589930486428294,-0.011480887886074372,0.6956309948746208,0.10176971566585101,0.1005586401807222,0.7040088094818425,16.46500048939768,66.7508032001,1
3,32,-24,73.9937753677,70,-24.6218784989,75.8946290536,69.9952673906,-0.31093924943658324,0.9504268429300451,-0.002366304680643914,0.6974191285218738,0.11146033748140198,0.1111831769730213,0.6991576742756299,18.116385923313125,68.8863164608,1
3,33,-26,73.3117418289,70,-26.6814954723,75.1920095555,70.0125378524,-0.3407477361630454,0.9401338632683611,0.006268926213152932,0.6987652794099312,0.121907946409319,0.12272355354557338,0.6941213628023346,19.92595084118381,71.0625504797,1
3,34,-28,72.4995126724,70,-28.7326628897,74.3603905107,70.0184054681,-0.3663314448382434,0.9304389191175484,0.009202734055326154,0.6981363448888193,0.13117549684656263,0.13247933631664016,0.6912654037498474,21.49666189267799,73.2758991731,1
3,35,-30,71.6324796677,70,-30.8056283134,73.4630026459,70.0121920831,-0.40281415667825715,0.9152614891148543,0.006096041571709547,0.6942690618514922,0.1450465116495518,0.1460158020150197,0.689660325650284,23.757110703801178,75.5347770436,1
3,36,-32,70.7631120682,70,-32.8617301947,72.5679443518,69.9987753577,-0.4308650973345892,0.9024161417891787,-0.0006123211475812013,0.6894065370492406,0.1562448914364355,0.15613890974088052,0.6898744823797441,25.522501550215242,77.7772899878,1
3,37,-34,69.8007078171,70,-34.9076456967,71.5827371762,69.9765340148,-0.45382284835841435,0.8910146795605347,-0.01173299260603176,0.6830431814619946,0.16608887968573002,0.16391619981152414,0.6920967965121384,26.9989707347553,80.0481704553,1
3,38,-36,68.6847429276,70,-36.9591903167,70.4396005033,69.9792918995,-0.479595158331135,0.8774287878507304,-0.010354050228369454,0.6810536328243497,0.1760367123715139,0.1739716569877878,0.6891377856997164,28.666261783014026,82.3967028452,1
3,39,-38,67.5477132797,70,-39.0068836898,69.2757190514,69.9865356682,-0.5034418449108199,0.8640028858372684,-0.006732165896801611,0.679982601131572,0.18508803097429274,0.1836514745188634,0.6853015532270799,30.23095785432842,84.7520628297,1
3,40,-40,66.3809556961,70,-41.0317108046,68.094287847,70.0081090319,-0.5158554022898941,0.8566660754511534,0.0040545159329434125,0.6829097733918096,0.18884252532843057,0.1897384134090822,0.6796852775443444,31.055714088749596,87.096453997,1
4,0,-40,65.8286943436,80,-41.0102348706,67.541635183,80.212742067,-0.5051174352762793,0.8564704196941045,0.10637103350498349,0.7233034817948253,0.1732558512027068,0.19610481609340347,0.6390284691251875,31.077437957798637,0,1
4,1,-38,66.9769048691,80,-38.9861291934,68.703471434,80.2156782578,-0.4930645966930545,0.8632832824527932,0.10783912891639336,0.724876867718244,0.16873971407224786,0.19112968721035709,0.6399608411525463,30.312747106138954,2.33385429874,1
4,2,-36,68.1087522507,80,-36.9474192884,69.8570910803,80.2137943606,-0.47370964420891903,0.8741694148327804,0.10689718029196896,0.7261126617431463,0.16189191642039394,0.1828946829127925,0.6427292935725308,29.053171951042668,4.67632733255,1
4,3,-34,69.227309227,80,-34.8892792762,71.006932783,80.205237345,-0.44463963809419244,0.889811778013833,0.10261867248862007,0.726790053325196,0.15193931233182784,0.17046897655066792,0.647789311265212,27.150395480701413,7.03390012542,1
4,4,-32,70.1737394333,80,-32.8520663988,71.9712375301,80.2073244899,-0.4260331994055897,0.8987490483864035,0.10366224495336383,0.7285174535338008,0.14523581642731392,0.16295027810228918,0.6493197089182684,26.005880677289866,9.28781323579,1
4,5,-30,71.0296907425,80,-30.785282041,72.8563380321,80.2160828436,-0.3926410205077978,0.9133236448235779,0.1080414217824355,0.7323265860608498,0.1331107893436093,0.14978521880553206,0.6508023335361983,24.031226999910334,11.5361631172,1
4,6,-28,71.8472547531,80,-28.7208118405,73.7000810692,80.2178644833,-0.3604059202678987,0.9264131580247684,0.10893224166620427,0.7345931207790583,0.12181571219340326,0.1369786406953799,0.6532769176697918,22.11757889901967,13.7663968931,1
4,7,-26,72.6170682907,80,-26.6779925618,74.4847716778,80.2280573262,-0.3389962808854776,0.933851693548244,0.11402866307595988,0.737567267341862,0.11405637940877401,0.12883045312731364,0.6529842132923513,20.956587040689374,15.9547647441,1
4,8,-24,73.2768678665,80,-24.6339042756,75.157274171,80.2494744464,-0.3169521378231712,0.94020315224005,0.12473722318215542,0.7424110807140823,0.10580358606411294,0.12076768799013991,0.6504202902327375,19.914298796980248,18.1067441162,1
4,9,-22,73.8980131149,80,-22.5617220337,75.7999002688,80.2594101206,-0.2808610168629415,0.9509435769486512,0.12970506029765821,0.7457543766457679,0.0932895485170293,0.10687766200161827,0.6509413454499865,18.020928663752862,20.2763077274,1
4,10,-20,74.5439977646,80,-20.5019385102,76.4619528098,80.263640241,-0.250969255079209,0.9589775225926053,0.1318201204943171,0.747661969821866,0.08313626843469434,0.0953458530398096,0.6519195564338843,16.46813881636214,22.4398787627,1
4,11,-18,75.0429239273,80,-18.441850583,76.974454524,80.2719514964,-0.22092529152041723,0.9657652983339804,0.1359757482071588,0.7501145269652486,0.07291138826877941,0.08389614131337528,0.6518999642346568,15.0354956664092,24.562775216,1
4,12,-16,75.4312372208,80,-16.3588764864,77.3796983816,80.2733253965,-0.1794382432059696,0.9742305803954707,0.1366626982664237,0.7515566132629685,0.059110119217512906,0.06798068830714867,0.6534885438047667,13.03547955722619,26.6848038583,1
4,13,-14,75.7844247818,80,-14.2808747762,77.7465663823,80.2666640206,-0.14043738808147252,0.9810708002260794,0.133332010307405,0.7513468219520155,0.04630289727769612,0.053021324895731074,0.6561423122712013,11.165835313394089,28.7949525762,1
4,14,-12,76.0104627609,80,-12.185896734,77.9869758095,80.2425666361,-0.09294836701274817,0.9882565243050877,0.12128331805360211,0.7481251387658459,0.03082913838213713,0.03484392587989245,0.6619246496410869,8.78945375437008,30.9038172883,1
4,15,-10,76.216176033,80,-10.091130113,78.200812311,80.2300307511,-0.045565056504735,0.9923181390139333,0.11501537553581437,0.7465105000495648,0.015157872002891088,0.017016233314001233,0.6649832780122342,7.106393638061237,33.0095072926,1
4,16,-8,76.2468538284,80,-8.00616847907,78.234127684,80.2251767593,-0.0030842395340793514,0.9936369277725365,0.11258837965461371,0.745850611472457,0.0010272261040766908,0.0011501937065308521,0.6661114675691528,6.4669814185517325,35.0947407304,1
4,17,-6,76.1554613113,80,-5.946691613,78.1415730108,80.2291692236,0.026654193498436878,0.9930558497419835,0.11458461180357118,0.7464674578087275,-0.008867938563229857,-0.009950011580912287,0.6652884272011307,6.7561428370663075,37.156300157,1
4,18,-4,75.9949121475,80,-3.89229318792,77.9786389761,80.2307100177,0.053853406040550195,0.9918634142798681,0.11535500886790384,0.746563210747032,-0.017913034166066127,-0.020117082289346562,0.6647689813508236,7.313977928561349,39.2171501667,1
4,19,-2,75.8855676651,80,-1.86025874597,77.8634746546,80.2614504215,0.06987062701540869,0.9889534947358579,0.13072521076749907,0.7515528507645117,-0.02304165557170947,-0.026287857414814663,0.6587460384463719,8.5241420945307,41.2526775595,1
4,20,0,75.7823228836,80,0.153840565365,77.7555152188,80.2878282279,0.07692028268253583,0.9865961675993151,0.14391411393738587,0.7558592995883548,-0.02517491200569723,-0.029113583688077333,0.6536018224241303,9.391574804371697,43.2698406824,1
4,21,2,75.5774126053,80,2.15379586637,77.548861281,80.2995612632,0.07689793318521426,0.9857243378689,0.14978063160756497,0.7578002796522331,-0.025080908332432865,-0.0291798388240265,0.6513510736940727,9.692900878737188,45.2804785712,1
4,22,4,75.3714227676,80,4.17027602115,77.3421716193,80.2952203253,0.08513801057325701,0.9853744258108411,0.14761016263653087,0.7569886713310104,-0.027807063756841843,-0.03228286157349556,0.6520373728018671,9.81126113635305,47.3075285644,1
4,23,6,75.2100954056,80,6.22682242652,77.1746825795,80.2982428927,0.11341121326166792,0.9822935869421279,0.1491214463411777,0.7570930238265134,-0.03702534866567979,-0.04307036126869185,0.6508334816292072,10.798062397677217,49.3708862241,1
4,24,8,75.0861845016,80,8.27709862156,77.0432293439,80.3052733845,0.13854931078230828,0.9785224211333888,0.15263669224992427,0.7578118756972282,-0.04516090319303634,-0.05275153667786836,0.6487672381163844,11.89626609442317,51.4253841815,1
4,25,10,74.7904787064,80,10.3604271283,76.734371165,80.3022819781,0.18021356417368303,0.9719462293371852,0.15114098903026138,0.7563770931736665,-0.05885734820126825,-0.06871724221529606,0.647848320293565,13.603598759605777,53.5314848415,1
4,26,12,74.3487100601,80,12.4306213489,76.2758567338,80.317286861,0.215310674458294,0.9635733368192634,0.15864343048265522,0.7578988581289033,-0.07007878486554925,-0.08256005534154752,0.6433211655313954,15.512241011416648,55.6519010132,1
4,27,14,73.8000402451,80,14.5030144096,75.7058465457,80.3389378233,0.2515072047862392,0.952903150336388,0.16946891166110678,0.7603324402668518,-0.08141889282228998,-0.09717639020530684,0.6370418301462727,17.65440000260547,57.8013645222,1
4,28,16,73.1478147507,80,16.5671920474,75.03082976,80.3640709494,0.2835960236786021,0.9415075046414364,0.18203547472276266,0.7633492725374826,-0.09119005141942572,-0.1105099664121276,0.6298966660986619,19.69371700871696,59.9732550939,1
4,29,18,72.6605329514,80,18.6291169076,74.5221292531,80.3723857218,0.31455845377677116,0.9307981508941792,0.1861928608984344,0.763475730101088,-0.10100118809116967,-0.1232059565192639,0.6258784720925908,21.440424164846238,62.0970204929,1
4,30,20,71.9798307419,80,20.6535425885,73.8319401439,80.3775881987,0.3267712942590082,0.9260547010314959,0.18879409934041744,0.7638157161511033,-0.10479790756873772,-0.12831865102998938,0.6238086839148964,22.172063925210193,64.2358723835,1
4,31,22,71.1250715256,80,22.6969960346,72.9628197751,80.3699701329,0.3484980172977698,0.9188741247458142,0.18498506645709836,0.761520204538815,-0.11215842058316686,-0.13698806462858987,0.6234915692459395,23.23796227406822,66.4564872166,1
4,32,24,70.2715139389,80,24.7528814379,72.0859726697,80.3753785487,0.3764407189410541,0.9072293653865245,0.18768927434327823,0.7610390536354257,-0.1210958133600608,-0.1487126426099865,0.6197095390231745,24.874764910446405,68.691561016,1
4,33,26,69.5255899429,80,26.7830022053,71.3279275533,80.3721379918,0.39150110265355936,0.9011688051601837,0.18606899587844827,0.7596802780248982,-0.12617596094041675,-0.15488966256489511,0.6188494926000253,25.68787069466011,70.8585942945,1
4,34,28,68.7046689987,80,28.8149441607,70.4950582001,80.3610713536,0.40747208034909965,0.8951946007041544,0.1805356768234646,0.75687600995985,-0.13193386206349453,-0.16119746748139663,0.6194735975534806,26.466563407532988,73.0546320764,1
4,35,30,67.7531614304,80,30.8751347523,69.5169584082,80.3509407162,0.4375673761723441,0.8818984889046931,0.17547035811574863,0.753292709863328,-0.1424263751017993,-0.17355666023703556,0.6181770835525141,28.127768109588423,75.3352388174,1
4,36,32,66.6825990677,80,32.9508057288,68.4066764092,80.3514623546,0.4754028643967351,0.8620386707373137,0.17573117730449808,0.7508739118032285,-0.15509338227521702,-0.18989979995871967,0.6132474845634422,30.453738854976905,77.6892006675,1
4,37,34,65.5277891159,80,34.9863868586,67.2364565112,80.3278668894,0.493193429323601,0.8543336976710248,0.1639334447139449,0.7453689967860798,-0.16245547386002543,-0.19659191596038458,0.6159422831906027,31.313797649214585,80.0372981722,1
4,38,36,64.2451467514,80,37.0207533331,65.939466029,80.2955415685,0.5103766665356244,0.8471596387777677,0.14777078426369059,0.738166315680669,-0.17028177391098637,-0.2025552668325304,0.6205529564401069,32.09593305300033,82.4501546101,1
4,39,38,63.0069265366,80,39.0478585381,64.6878281565,80.2766988041,0.5239292690684983,0.8404508099607519,0.13834940205749066,0.7335766013146457,-0.1761819259526885,-0.20755491217205455,0.6226927471911853,32.812245302651064,84.8326129887,1
4,40,40,61.8255224228,80,41.0567805596,63.5028700669,80.2640449386,0.5283902797786678,0.8386738220730112,0.13202246931817424,0.7308432238679077,-0.17854807975850784,-0.208853500232592,0.6247951510547337,32.99965766567861,87.1650052119,1
5,0,40,59.1801900864,90,41.0788474471,60.7689988489,90.5583680704,0.5394237235553816,0.7944043812548942,0.2791840351966349,0.7830672735023496,-0.16247357559896933,-0.2293144192719205,0.5548178795926321,37.400965894678656,0,1
5,1,38,60.6219968796,90,39.0468537155,62.233068889,90.5554676216,0.5234268577701703,0.8055360047304255,0.2777338107753351,0.7835426055003682,-0.15788568888079016,-0.22144255283443984,0.5586557888418402,36.33794800635922,2.50449755844,1
5,2,36,61.859164238,90,37.0110380039,63.4966444734,90.5444819861,0.5055190019498822,0.8187401177206775,0.2722409930600571,0.7827168689495684,-0.15321488045164813,-0.21240872021675541,0.5645901513893523,35.04112715092931,4.90059637806,1
5,3,34,63.0475263596,90,34.973528697,64.7095041863,90.5385829366,0.4867643485098163,0.8309889133599628,0.2692914682878799,0.7827999756145559,-0.14788486170595883,-0.20337995335327294,0.5692019504798631,33.799542277769476,7.27177913304,1
5,4,32,64.111746788,90,32.9191743749,65.8035429044,90.5412433548,0.45958718743950844,0.8458980581910274,0.2706216774208813,0.7847711379688637,-0.13944568735351912,-0.19101981985701705,0.5728879381793197,32.23171657772191,9.59928841884,1
5,5,30,65.1932554245,90,30.8753830284,66.9090604977,90.5382541262,0.4376915141979024,0.8579025366007635,0.26912706310054174,0.7854255658722153,-0.13292934974858317,-0.181017082968118,0.5767748990060529,30.91811073505394,11.9229194465,1
5,6,28,66.1423406601,90,28.8577898687,67.8705094453,90.5269052961,0.42889493433156556,0.8640843926013405,0.26345264805557483,0.7839714967468091,-0.13082437202736866,-0.17665727791050817,0.5805737525357669,30.221681261704386,14.1579127424,1
5,7,26,67.0715818405,90,26.8324214868,68.8204035,90.49869557,0.4162107433926844,0.8744108297626407,0.24934778498779409,0.7798790053618764,-0.12830677881416697,-0.17000965319918632,0.588576949366177,29.024675964630596,16.3951457625,1
5,8,24,68.0316095352,90,24.7728673236,69.8106245429,90.4876286525,0.38643366178247934,0.8895075038275516,0.24381432623179222,0.7795000456369983,-0.11952757827302324,-0.1566989341547464,0.5945908516945669,27.188574858926327,18.6804080104,1
5,9,22,68.9702577591,90,22.7387765141,70.7617137764,90.4948682654,0.3693882570387856,0.8957280086763327,0.24743413271935535,0.7815009635362495,-0.11390044052413141,-0.1496299156171497,0.5948897561672473,26.397906146043912,20.9258809146,1
5,10,20,69.7305173874,90,20.692459914,71.5405479363,90.4942556825,0.3462299569960565,0.9050152744383516,0.24712784123158604,0.7824158104224889,-0.10672122664546647,-0.13977031577013752,0.5974113643158483,25.174659652210824,23.1154001887,1
5,11,18,70.3661623001,90,18.6160312652,72.2016976184,90.5013138493,0.3080156325941618,0.9177676591578453,0.25065692466306894,0.7850962577954208,-0.09461674443332185,-0.1239234592477977,0.5994284894101422,23.398119613924916,25.2945570562,1
5,12,16,71.0597715378,90,16.541345691,72.907970814,90.5395408031,0.2706728454824423,0.9240996381147085,0.26977040155417864,0.7925706325376121,-0.08195726457135254,-0.10930375259467284,0.5942789655470175,22.46702263638248,27.4864976026,1
5,13,14,71.5835409164,90,14.4848683561,73.4390256133,90.567520235,0.24243417804911052,0.9277423484112562,0.28376011749014207,0.7978742951414777,-0.07264067660451043,-0.09818046635714585,0.5903224011341788,21.914420591360457,29.6106212047,1
5,14,12,72.0610761642,90,12.4108463165,73.9318764972,90.5755965761,0.20542315823580037,0.9354001664874018,0.2877982880348149,0.8000845859299006,-0.061349811530165714,-0.08306369061994223,0.5909325505361734,20.7071089334855,31.7424126209,1
5,15,10,72.386256218,90,10.3353754497,74.2687882772,90.5861709252,0.16768772486742492,0.9412660296405929,0.2930854625760571,0.8025304882794777,-0.04987531122641283,-0.06776704098628018,0.5906478619854094,19.734731862166445,33.845077759,1
5,16,8,72.7537202835,90,8.27436865705,74.6451480281,90.5892562489,0.13718432852370865,0.9457138723180706,0.29462812444276165,0.8035256566433061,-0.040750231132161245,-0.055377345372587046,0.5912861298881485,18.96560031371074,35.9401684923,1
5,17,6,72.9952249527,90,6.23091302319,74.8985458344,90.5692528411,0.11545651159586946,0.9516604408325602,0.28462642056648596,0.8006999470459342,-0.03453701034949657,-0.04637808725777867,0.5962682808426648,17.88768564658695,37.9993725891,1
5,18,4,73.1780748367,90,4.19986146464,75.0930727336,90.541145498,0.09993073232106058,0.9574989484323392,0.270572748976576,0.796476786828616,-0.03018447500705,-0.03989610634031534,0.6025959892088515,16.76439016883428,40.0399120204,1
5,19,2,73.3453168869,90,2.16636900021,75.2662424855,90.5313814076,0.08318450010616497,0.9604627993024164,0.26569070382355026,0.7951162830427534,-0.025208100921157026,-0.033128083526792314,0.6050265929445305,16.16523320380351,42.0807879851,1
5,20,0,73.5688505173,90,0.140931055863,75.4920717541,90.5304323817,0.0704655279314122,0.9616106184315479,0.2652161908576534,0.795079793184818,-0.02135925789941223,-0.0280477189850205,0.6054793390619623,15.927309868257078,44.118776853,1
5,21,-2,73.6959009171,90,-1.87891081155,75.6207023335,90.5296007134,0.060544594225253136,0.9624007082242784,0.2648003567208829,0.7950240369960941,-0.01835644189036756,-0.0240892998500374,0.6058213658103299,15.761505748499738,46.142710569,1
5,22,-4,73.7673883438,90,-3.92195926667,75.69126885,90.5409190714,0.03902036666570981,0.9619402531026972,0.2704595356906326,0.7969259096131849,-0.011783990517393244,-0.015554093477607365,0.6037617927053464,15.858339809485042,48.1870086707,1
5,23,-6,73.8739595413,90,-5.97590442669,75.7938720728,90.5597814528,0.012047786653049616,0.9599562657264327,0.2798907264082271,0.7999576849379364,-0.0036146248561650563,-0.004819034635857131,0.6000261775131689,16.269151560856354,50.2436014673,1
5,24,-8,73.9024858475,90,-8.01960773469,75.8166435031,90.579323749,-0.009803867343504679,0.9570788278152986,0.2896618744895591,0.8030083454522687,0.0029213659116136986,0.003936388236834328,0.5959476215263128,16.847643192918262,52.2875250594,1
5,25,-10,73.8493947983,90,-10.0927662739,75.7571415749,90.5932087785,-0.046383136958966384,0.9538733882875344,0.29660438925057125,0.8050546680216882,0.013754131080336638,0.01868053317616279,0.5927468625433362,17.470168124676196,54.3615837863,1
5,26,-12,73.7198114395,90,-12.1421898193,75.6197305213,90.6083498483,-0.07109490964444834,0.9499595408954812,0.3041749241543333,0.8072470275692086,0.020968990386849132,0.028731929521760333,0.5891409119631652,18.202294852576138,56.4156645826,1
5,27,-14,73.4816102982,90,-14.2302599249,75.3722935659,90.6101615754,-0.11512996247472781,0.945341633859964,0.3050807877129296,0.807086464802977,0.03393865330707659,0.046614901553274996,0.5876109742820617,19.031114919981604,58.5183450375,1
5,28,-16,73.2504968643,90,-16.3067621409,75.137124918,90.5886693264,-0.15338107044264862,0.9433140268637871,0.29433466318443324,0.8031751015521057,0.04557507914399328,0.06196252613653517,0.5907565604904973,19.38423325600747,60.6082320351,1
5,29,-18,72.9149465561,90,-18.3919030021,74.7909608136,90.5718238736,-0.19595150104514325,0.9380071287762943,0.28591193679699284,0.7997014830200587,0.05859613002592443,0.07911826260529489,0.5922704889860907,20.280471455714952,62.7219788902,1
5,30,-20,72.3599767685,90,-20.4733349224,74.2215705918,90.5571557127,-0.23666746120422757,0.9307969116654371,0.27857785633684146,0.7963811955673611,0.07117527320018763,0.09559667455388457,0.5929353654875192,21.440618407654757,64.8799360766,1
5,31,-22,71.8219861984,90,-22.5645898443,73.6648026701,90.5341027613,-0.2822949221405337,0.9214082358131614,0.26705138065426226,0.7913204990303149,0.08565954787146891,0.11401143472380293,0.5945382262101311,22.867167533438938,67.0441609045,1
5,32,-24,71.1413965225,90,-24.6086798298,72.969332676,90.5368037664,-0.30433991491673185,0.9139680767307999,0.2684018832003215,0.7910014776708489,0.09229086586815763,0.1232909059086577,0.5921135118539871,23.940397266971893,69.2033250199,1
5,33,-26,70.3840856552,90,-26.6635711545,72.1885402486,90.5510144676,-0.3317855772347656,0.9022272966793241,0.27550723378109754,0.7922929611512667,0.10012732194913766,0.13526679416568022,0.5864718897829552,25.54760234297836,71.4016009613,1
5,34,-28,69.6880502701,90,-28.7154298369,71.4719948248,90.5529032231,-0.357714918467087,0.891972277356143,0.27645161156010856,0.7915685068863968,0.10791248623627701,0.1464222506407518,0.5833821378284072,26.877861727161978,73.5749773587,1
5,35,-30,68.8770132065,90,-30.7711669524,70.6400120657,90.5451023333,-0.385583476216352,0.8814994296298826,0.2725511666295079,0.7890844630503265,0.11671029726348837,0.15824736568740955,0.5819640778761533,28.176228938121596,75.7927039544,1
5,36,-32,67.977643013,90,-32.82125392,69.7158690125,90.551463846,-0.41062696001051535,0.8691129997645576,0.27573192298458044,0.7889768958369688,0.12402185020290159,0.16946050976297958,0.5774228728917663,29.644272602400914,78.0414674871,1
5,37,-34,66.8940248489,90,-34.8835683248,68.6049357082,90.540454482,-0.4417841624249332,0.8554554296180242,0.2702272409797759,0.7855833077847408,0.134061504615878,0.18293940967526087,0.5756905000933914,31.18991484173185,80.3839949079,1
5,38,-36,65.826880455,90,-36.9366921876,67.5120015981,90.5319534553,-0.46834609381758135,0.8425605715640663,0.2659767276500844,0.7827124928405806,0.1426517345717405,0.19462254416483862,0.573701753071893,32.588494330040305,82.7099129702,1
5,39,-38,64.720290184,90,-38.976831955,66.3848522905,90.5244352442,-0.4884159775098289,0.8322810532291646,0.2622176221173375,0.7802766019899281,0.14925560440305113,0.2035124079674367,0.5722533431484929,33.66622466675298,85.0407266383,1
5,40,-40,63.4977560043,90,-40.9948591738,65.1524009022,90.5219247897,-0.4974295868968299,0.8273224489559949,0.26096239486390416,0.7793084184394162,0.15218274009035254,0.2075770605811024,0.5713410246853952,34.175336774402155,87.4053358201,1
